{
  "version": 1,
  "author": "Anonymous maker",
  "editor": "wokwi",
  "parts": [
    { "type": "wokwi-arduino-uno", "id": "uno", "top": 0.6, "left": -0.6, "attrs": {} },
    {
      "type": "wokwi-led",
      "id": "led1",
      "top": -166.8,
      "left": 99.8,
      "attrs": { "color": "orange" }
    },
    {
      "type": "wokwi-led",
      "id": "led2",
      "top": -166.8,
      "left": 157.4,
      "attrs": { "color": "purple" }
    },
    {
      "type": "wokwi-led",
      "id": "led3",
      "top": -166.8,
      "left": 215,
      "attrs": { "color": "limegreen" }
    },
    {
      "type": "wokwi-resistor",
      "id": "r1",
      "top": -91.2,
      "left": 210.65,
      "rotate": 90,
      "attrs": { "value": "200" }
    },
    {
      "type": "wokwi-resistor",
      "id": "r2",
      "top": -91.2,
      "left": 153.05,
      "rotate": 90,
      "attrs": { "value": "200" }
    },
    {
      "type": "wokwi-resistor",
      "id": "r3",
      "top": -91.2,
      "left": 95.45,
      "rotate": 90,
      "attrs": { "value": "200" }
    },
    {
      "type": "wokwi-resistor",
      "id": "r4",
      "top": 168,
      "left": -86.95,
      "rotate": 90,
      "attrs": { "value": "200" }
    },
    {
      "type": "wokwi-pushbutton",
      "id": "btn1",
      "top": 76.7,
      "left": -82.9,
      "rotate": 90,
      "attrs": { "color": "blue" }
    },
    {
      "type": "wokwi-pushbutton",
      "id": "btn2",
      "top": -19.3,
      "left": -82.9,
      "rotate": 90,
      "attrs": { "color": "green" }
    },
    {
      "type": "wokwi-resistor",
      "id": "r5",
      "top": -72,
      "left": -86.95,
      "rotate": 90,
      "attrs": { "value": "200" }
    }
  ],
  "connections": [
    [ "led3:A", "r1:1", "green", [ "v0" ] ],
    [ "led2:A", "r2:1", "green", [ "v0" ] ],
    [ "led1:A", "r3:1", "green", [ "v0" ] ],
    [ "led3:C", "led2:C", "green", [ "v0", "h-9.2", "v-48", "h-57.6", "v48" ] ],
    [ "led2:C", "led1:C", "green", [ "v0", "h-18.8", "v-48", "h-48", "v48" ] ],
    [ "r3:2", "uno:5", "green", [ "h0", "v18", "h76.8" ] ],
    [ "r2:2", "uno:6", "green", [ "h0", "v27.6", "h19.2", "v28.8" ] ],
    [ "r1:2", "uno:7", "green", [ "h0", "v37.2", "h-57.6" ] ],
    [ "led1:C", "uno:GND.1", "green", [ "v0", "h-9.2", "v115.2", "h9.6" ] ],
    [ "btn1:2.r", "r4:1", "green", [ "v0" ] ],
    [ "r4:2", "uno:GND.3", "green", [ "h0", "v27.6", "h240", "v-19.2" ] ],
    [ "r5:2", "btn2:2.l", "green", [ "h0" ] ],
    [ "btn1:2.l", "uno:9", "green", [ "v0" ] ],
    [ "btn1:1.l", "uno:5V", "green", [ "v0" ] ],
    [ "r5:1", "uno:GND.2", "green", [ "h0" ] ],
    [ "btn2:1.r", "uno:8", "green", [ "v0" ] ],
    [ "btn2:2.r", "uno:5V", "green", [ "v0" ] ]
  ],
  "dependencies": {}
}