{
  "version": 1,
  "author": "Lauraaa",
  "editor": "wokwi",
  "parts": [
    { "type": "wokwi-arduino-uno", "id": "uno", "top": 0, "left": 0, "attrs": {} },
    {
      "type": "wokwi-7segment",
      "id": "sevseg1",
      "top": -283.02,
      "left": 149.08,
      "attrs": { "common": "cathode", "color": "red" }
    },
    {
      "type": "wokwi-7segment",
      "id": "sevseg2",
      "top": -283.02,
      "left": 101.08,
      "attrs": { "common": "cathode", "color": "red" }
    },
    {
      "type": "wokwi-resistor",
      "id": "r1",
      "top": -52.8,
      "left": 76.25,
      "rotate": 90,
      "attrs": { "value": "220" }
    },
    {
      "type": "wokwi-resistor",
      "id": "r2",
      "top": -52.8,
      "left": 95.45,
      "rotate": 90,
      "attrs": { "value": "220" }
    },
    {
      "type": "wokwi-resistor",
      "id": "r3",
      "top": -52.8,
      "left": 105.05,
      "rotate": 90,
      "attrs": { "value": "220" }
    },
    {
      "type": "wokwi-resistor",
      "id": "r4",
      "top": -52.8,
      "left": 133.85,
      "rotate": 90,
      "attrs": { "value": "220" }
    },
    {
      "type": "wokwi-resistor",
      "id": "r5",
      "top": -52.8,
      "left": 124.25,
      "rotate": 90,
      "attrs": { "value": "220" }
    },
    {
      "type": "wokwi-resistor",
      "id": "r6",
      "top": -52.8,
      "left": 114.65,
      "rotate": 90,
      "attrs": { "value": "220" }
    },
    {
      "type": "wokwi-resistor",
      "id": "r7",
      "top": -52.8,
      "left": 143.45,
      "rotate": 90,
      "attrs": { "value": "220" }
    },
    {
      "type": "wokwi-resistor",
      "id": "r8",
      "top": 109,
      "left": 306.35,
      "rotate": 270,
      "attrs": { "value": "220" }
    },
    {
      "type": "wokwi-resistor",
      "id": "r9",
      "top": -52.8,
      "left": 210.65,
      "rotate": 90,
      "attrs": { "value": "220" }
    },
    {
      "type": "wokwi-resistor",
      "id": "r10",
      "top": -52.8,
      "left": 201.05,
      "rotate": 90,
      "attrs": { "value": "220" }
    },
    {
      "type": "wokwi-resistor",
      "id": "r11",
      "top": -52.8,
      "left": 191.45,
      "rotate": 90,
      "attrs": { "value": "220" }
    },
    {
      "type": "wokwi-resistor",
      "id": "r12",
      "top": -52.8,
      "left": 181.85,
      "rotate": 90,
      "attrs": { "value": "220" }
    },
    {
      "type": "wokwi-resistor",
      "id": "r13",
      "top": -52.8,
      "left": 172.25,
      "rotate": 90,
      "attrs": { "value": "220" }
    },
    {
      "type": "wokwi-resistor",
      "id": "r14",
      "top": -52.8,
      "left": 162.65,
      "rotate": 90,
      "attrs": { "value": "220" }
    },
    {
      "type": "wokwi-resistor",
      "id": "r15",
      "top": 205.85,
      "left": 65.8,
      "rotate": 180,
      "attrs": { "value": "220" }
    },
    {
      "type": "wokwi-resistor",
      "id": "r16",
      "top": 109,
      "left": 277.55,
      "rotate": 270,
      "attrs": { "value": "220" }
    },
    {
      "type": "wokwi-resistor",
      "id": "r17",
      "top": 243.95,
      "left": 144,
      "attrs": { "value": "220" }
    },
    {
      "type": "wokwi-pushbutton-6mm",
      "id": "btn1",
      "top": 247.4,
      "left": 230.4,
      "attrs": { "color": "green" }
    }
  ],
  "connections": [
    [ "r1:2", "uno:GND.1", "black", [ "h0", "v8.4", "h9.6" ] ],
    [ "r2:2", "uno:13", "cyan", [ "h0" ] ],
    [ "r3:2", "uno:12", "yellow", [ "h0" ] ],
    [ "r6:2", "uno:11", "limegreen", [ "h0" ] ],
    [ "r5:2", "uno:10", "gray", [ "h0" ] ],
    [ "uno:9", "r4:2", "blue", [ "v0" ] ],
    [ "r7:2", "uno:8", "violet", [ "h0" ] ],
    [ "r14:2", "uno:7", "green", [ "h0" ] ],
    [ "r13:2", "uno:6", "white", [ "h0", "v8.4", "h-9.6" ] ],
    [ "r12:2", "uno:5", "purple", [ "h0", "v8.4", "h-9.6" ] ],
    [ "r11:2", "uno:4", "magenta", [ "h0", "v8.4", "h-9.6" ] ],
    [ "r10:2", "uno:3", "orange", [ "h0", "v8.4", "h-9.6" ] ],
    [ "r9:2", "uno:2", "#8f4814", [ "h0", "v8.4", "h-9.6" ] ],
    [ "r1:1", "sevseg2:COM.1", "black", [ "h0", "v-124.8", "h19.2" ] ],
    [ "r2:1", "sevseg1:E", "cyan", [ "h-9.6", "v-105.6", "h38.4" ] ],
    [ "r3:1", "sevseg1:D", "yellow", [ "h0", "v-9.6", "h-9.6", "v-86.4", "h38.4" ] ],
    [ "sevseg1:C", "r6:1", "limegreen", [ "v48", "h-48", "v67.2", "h9.6" ] ],
    [ "sevseg1:COM.1", "r15:2", "black", [ "h0", "v19.2", "h-182.4", "v403.2", "h-9.6" ] ],
    [ "r15:1", "uno:GND.3", "black", [ "v0", "h57.6" ] ],
    [ "sevseg2:C", "r11:1", "magenta", [ "v9.6", "h86.4" ] ],
    [ "sevseg2:D", "r12:1", "purple", [ "v28.8", "h-19.2", "v76.8", "h115.2" ] ],
    [ "sevseg2:E", "r13:1", "white", [ "v0", "h-19.2", "v96", "h115.2" ] ],
    [ "r5:1", "sevseg1:B", "gray", [ "h0", "v-76.8", "h57.6", "v-144", "h-19.2" ] ],
    [ "r4:1", "sevseg1:A", "blue", [ "h0", "v-67.2", "h67.2", "v-163.2", "h-48" ] ],
    [ "r7:1", "sevseg2:G", "violet", [ "h0", "v-19.2", "h-96", "v-201.6", "h9.6" ] ],
    [ "r14:1", "sevseg2:F", "green", [ "h0", "v-48", "h-124.8", "v-182.4", "h48" ] ],
    [ "r10:1", "sevseg2:B", "orange", [ "h0", "v-57.6", "h9.6", "v-182.4", "h-96" ] ],
    [ "r9:1", "sevseg2:A", "#8f4814", [ "h19.2", "v-259.2", "h-124.8", "v9.6" ] ],
    [ "r16:1", "uno:A0", "gold", [ "h0", "v67.2", "h-105.6" ] ],
    [ "r8:1", "uno:A1", "cyan", [ "h0", "v76.8", "h-115.2" ] ],
    [ "r16:2", "sevseg1:F", "gold", [ "h0", "v-430.8", "h-144" ] ],
    [ "r8:2", "sevseg1:G", "cyan", [ "h0", "v-373.2", "h-182.4" ] ],
    [ "r17:2", "btn1:1.l", "red", [ "v0" ] ],
    [ "r17:1", "uno:5V", "red", [ "v0" ] ],
    [ "btn1:2.l", "uno:A2", "green", [ "h0" ] ],
    [ "btn1:1.r", "uno:GND.2", "black", [ "v0", "h10.4", "v-19.2", "h-105.6" ] ]
  ],
  "dependencies": {}
}