{
  "version": 1,
  "author": "Lauraaa",
  "editor": "wokwi",
  "parts": [
    { "type": "wokwi-arduino-uno", "id": "uno", "top": 0, "left": 0, "attrs": {} },
    {
      "type": "wokwi-pushbutton",
      "id": "btn1",
      "top": -51.4,
      "left": -96,
      "attrs": { "color": "green" }
    },
    {
      "type": "wokwi-resistor",
      "id": "r1",
      "top": 13,
      "left": -164.05,
      "rotate": 270,
      "attrs": { "value": "1000" }
    },
    {
      "type": "wokwi-led",
      "id": "led1",
      "top": -234,
      "left": 330.2,
      "attrs": { "color": "green" }
    },
    {
      "type": "wokwi-led",
      "id": "led2",
      "top": -234,
      "left": 291.8,
      "attrs": { "color": "yellow" }
    },
    { "type": "wokwi-led", "id": "led3", "top": -234, "left": 253.4, "attrs": { "color": "red" } },
    {
      "type": "wokwi-7segment",
      "id": "sevseg1",
      "top": -147.78,
      "left": 182.96,
      "attrs": { "digits": "2", "colon": "", "common": "anode", "color": "#d040d0" }
    }
  ],
  "connections": [
    [ "led1:A", "uno:13", "purple", [ "v0", "h9.6", "v-38.4", "h-259.2", "v211.2", "h19.2" ] ],
    [ "led2:A", "uno:12", "cyan", [ "v0", "h9.6", "v-48", "h-211.2", "v211.2", "h19.2" ] ],
    [ "led3:A", "uno:11", "yellow", [ "v0", "h9.6", "v-57.6", "h-163.2", "v211.2", "h19.2" ] ],
    [ "btn1:1.r", "uno:10", "gray", [ "v0", "h182.6", "v0" ] ],
    [ "sevseg1:DIG2", "uno:9", "limegreen", [ "v-9.6", "h-76.8" ] ],
    [ "sevseg1:DIG1", "uno:8", "magenta", [ "v-19.2", "h-57.6" ] ],
    [ "sevseg1:G", "uno:7", "white", [ "h0", "v8.76", "h-67.2" ] ],
    [ "sevseg1:F", "uno:6", "purple", [ "v-9.6", "h38.4", "v96", "h0", "v0", "h-86.4" ] ],
    [ "sevseg1:E", "uno:5", "violet", [ "v27.96", "h-19.2" ] ],
    [ "sevseg1:D", "uno:4", "blue", [ "v27.96", "h0", "v9.6", "h-19.2" ] ],
    [ "sevseg1:C", "uno:3", "gray", [ "v56.76", "h9.6" ] ],
    [ "uno:2", "sevseg1:B", "orange", [ "v-37.8", "h61.1", "v-144", "h-76.8" ] ],
    [ "sevseg1:A", "uno:1", "#8f4814", [ "v-38.4", "h67.2", "v0", "h28.8", "v163.2", "h-57.6" ] ],
    [ "r1:2", "btn1:1.l", "green", [ "h0", "v-27.6" ] ],
    [ "r1:1", "uno:GND.1", "black", [ "h0", "v19.2", "h259.2" ] ],
    [ "led1:C", "uno:GND.1", "black", [ "v240", "h-18.8" ] ],
    [ "led3:C", "uno:GND.1", "black", [ "v0", "h-220.4", "v182.4", "h67.2" ] ],
    [ "led2:C", "uno:GND.1", "black", [ "v9.6", "h10", "v240", "h-192" ] ],
    [ "btn1:2.r", "uno:5V", "red", [ "h19.4", "v230.6", "h172.8" ] ]
  ],
  "dependencies": {}
}