{
  "version": 1,
  "author": "Lauraaa",
  "editor": "wokwi",
  "parts": [
    { "type": "wokwi-arduino-uno", "id": "uno", "top": 0, "left": 0, "attrs": {} },
    {
      "type": "wokwi-led",
      "id": "led1",
      "top": -147.6,
      "left": 176.6,
      "attrs": { "color": "limegreen" }
    },
    {
      "type": "wokwi-led",
      "id": "led2",
      "top": -147.6,
      "left": 109.4,
      "attrs": { "color": "yellow" }
    },
    {
      "type": "wokwi-led",
      "id": "led3",
      "top": -147.6,
      "left": 32.6,
      "attrs": { "color": "red" }
    },
    { "type": "wokwi-led", "id": "led4", "top": -32.4, "left": -121, "attrs": { "color": "red" } },
    { "type": "wokwi-led", "id": "led5", "top": 54, "left": -121, "attrs": { "color": "yellow" } },
    {
      "type": "wokwi-led",
      "id": "led6",
      "top": 140.4,
      "left": -121,
      "attrs": { "color": "limegreen" }
    },
    {
      "type": "wokwi-led",
      "id": "led7",
      "top": 140.4,
      "left": 349.4,
      "attrs": { "color": "limegreen" }
    },
    {
      "type": "wokwi-led",
      "id": "led8",
      "top": 54,
      "left": 339.8,
      "attrs": { "color": "yellow" }
    },
    {
      "type": "wokwi-led",
      "id": "led9",
      "top": -32.4,
      "left": 339.8,
      "attrs": { "color": "red" }
    }
  ],
  "connections": [
    [ "led4:A", "uno:10", "green", [ "v0", "h96", "v-19.2", "h153.6" ] ],
    [ "led5:A", "uno:9", "green", [ "v0", "h86.4", "v-115.2", "h172.8" ] ],
    [ "led6:A", "uno:8", "green", [ "v0", "h76.8", "v-211.2", "h192" ] ],
    [ "led3:A", "uno:7", "green", [ "v67.2", "h9.6" ] ],
    [ "led2:A", "uno:6", "green", [ "v57.6", "h67.2" ] ],
    [ "led1:A", "uno:5", "green", [ "v0", "h9.6" ] ],
    [ "led9:A", "uno:4", "green", [ "v0", "h9.6", "v-38.4", "h-153.6" ] ],
    [ "led8:A", "uno:3", "green", [ "v0", "h19.2", "v-134.4", "h-153.6" ] ],
    [ "led7:A", "uno:2", "green", [ "v0", "h19.2", "v-230.4", "h-153.6" ] ],
    [ "led4:C", "led5:C", "green", [ "v86.4", "h0.4" ] ],
    [ "led5:C", "led6:C", "green", [ "v86.4", "h0.4" ] ],
    [ "led6:C", "uno:GND.2", "green", [ "v28.8", "h278.8" ] ],
    [ "led3:C", "uno:GND.1", "green", [ "v105.6", "h67.6" ] ],
    [ "led2:C", "uno:GND.1", "green", [ "v115.2", "h-9.2" ] ],
    [ "led1:C", "led2:C", "green", [ "v-48", "h-95.6" ] ],
    [ "led9:C", "uno:GND.3", "green", [ "v-9.6", "h-57.2", "v240", "h-9.6" ] ],
    [ "led8:C", "uno:GND.3", "green", [ "v0", "h-38", "v163.2", "h-9.6" ] ],
    [ "led7:C", "uno:GND.3", "green", [ "v96", "h-182" ] ]
  ],
  "dependencies": {}
}