{
  "version": 1,
  "author": "Anonymous maker",
  "editor": "wokwi",
  "parts": [
    { "type": "wokwi-arduino-uno", "id": "uno", "top": 0, "left": 0, "attrs": {} },
    {
      "type": "wokwi-led",
      "id": "led1",
      "top": -176.4,
      "left": 80.6,
      "attrs": { "color": "red" }
    },
    {
      "type": "wokwi-led",
      "id": "led2",
      "top": -176.4,
      "left": 147.8,
      "attrs": { "color": "orange" }
    },
    {
      "type": "wokwi-led",
      "id": "led3",
      "top": -176.4,
      "left": 215,
      "attrs": { "color": "magenta" }
    },
    {
      "type": "wokwi-resistor",
      "id": "r1",
      "top": 254.4,
      "left": -96.55,
      "rotate": 90,
      "attrs": { "value": "200" }
    },
    {
      "type": "wokwi-resistor",
      "id": "r2",
      "top": 158.4,
      "left": -202.15,
      "rotate": 90,
      "attrs": { "value": "200" }
    },
    {
      "type": "wokwi-resistor",
      "id": "r3",
      "top": -91.2,
      "left": 210.65,
      "rotate": 90,
      "attrs": { "value": "200" }
    },
    {
      "type": "wokwi-resistor",
      "id": "r4",
      "top": -91.2,
      "left": 143.45,
      "rotate": 90,
      "attrs": { "value": "200" }
    },
    {
      "type": "wokwi-resistor",
      "id": "r5",
      "top": -91.2,
      "left": 85.85,
      "rotate": 90,
      "attrs": { "value": "200" }
    },
    {
      "type": "wokwi-resistor",
      "id": "r6",
      "top": 62.4,
      "left": -106.15,
      "rotate": 90,
      "attrs": { "value": "200" }
    },
    {
      "type": "wokwi-pushbutton",
      "id": "btn1",
      "top": -28.9,
      "left": -102.1,
      "rotate": 90,
      "attrs": { "color": "green" }
    },
    {
      "type": "wokwi-pushbutton",
      "id": "btn2",
      "top": 163.1,
      "left": -92.5,
      "rotate": 90,
      "attrs": { "color": "green" }
    },
    {
      "type": "wokwi-pushbutton",
      "id": "btn3",
      "top": 67.1,
      "left": -198.1,
      "rotate": 90,
      "attrs": { "color": "green" }
    }
  ],
  "connections": [
    [ "led3:A", "r3:1", "green", [ "v0" ] ],
    [ "r4:1", "led2:A", "green", [ "h0" ] ],
    [ "led1:A", "r5:1", "green", [ "v0" ] ],
    [ "led3:C", "led2:C", "green", [ "v0", "h-9.2", "v-48", "h-57.6", "v48" ] ],
    [ "led2:C", "led1:C", "green", [ "v0", "h-18.8", "v-48", "h-57.6", "v48" ] ],
    [ "led1:C", "uno:GND.1", "green", [ "v124.8", "h19.6" ] ],
    [ "r5:2", "uno:2", "green", [ "h0", "v37.2", "h124.8", "v19.2" ] ],
    [ "r4:2", "uno:3", "green", [ "h0", "v18", "h48" ] ],
    [ "r3:2", "uno:4", "green", [ "h-28.8", "v-1.2" ] ],
    [ "btn1:2.r", "r6:1", "green", [ "v0" ] ],
    [ "btn3:2.r", "r2:1", "green", [ "v0" ] ],
    [ "btn2:2.r", "r1:1", "green", [ "v0" ] ],
    [ "r6:2", "uno:GND.2", "green", [ "h0" ] ],
    [ "r1:2", "uno:GND.3", "green", [ "h0" ] ],
    [ "r2:2", "uno:GND.2", "green", [ "h0" ] ],
    [ "btn3:1.l", "uno:5V", "green", [ "v0" ] ],
    [ "btn2:1.l", "uno:5V", "green", [ "v0" ] ],
    [ "btn1:1.l", "uno:5V", "green", [ "v0" ] ],
    [ "btn1:2.l", "uno:8", "green", [ "v0" ] ],
    [ "btn3:2.l", "uno:9", "green", [ "v0" ] ],
    [ "btn2:2.l", "uno:7", "green", [ "v0" ] ]
  ],
  "dependencies": {}
}