{
  "version": 1,
  "author": "Lauraaa",
  "editor": "wokwi",
  "parts": [
    { "type": "wokwi-arduino-uno", "id": "uno", "top": 0, "left": 0, "attrs": {} },
    {
      "type": "wokwi-7segment",
      "id": "sevseg1",
      "top": -158.22,
      "left": 120.28,
      "attrs": { "color": "#00ddff" }
    }
  ],
  "connections": [
    [ "uno:2", "sevseg1:A", "limegreen", [ "v-181.8", "h-82.9" ] ],
    [ "uno:3", "sevseg1:B", "#8f4814", [ "v-172.2", "h-63.8" ] ],
    [ "sevseg1:DP", "uno:5", "blue", [ "v0", "h38.4" ] ],
    [ "sevseg1:C", "uno:4", "purple", [ "v9.6", "h67.2" ] ],
    [ "uno:6", "sevseg1:D", "gray", [ "v-66.6", "h-64.1" ] ],
    [ "uno:7", "sevseg1:E", "yellow", [ "v-57", "h-64.2", "v-9.6" ] ],
    [ "uno:8", "sevseg1:F", "magenta", [ "v-18.6", "h9.4", "v-172.8", "h-48" ] ],
    [ "sevseg1:COM.2", "uno:GND.2", "black", [ "h0", "v-37.56", "h153.6", "v403.2", "h-124.8" ] ],
    [ "uno:9", "sevseg1:G", "cyan", [ "v-47.4", "h-67", "v-134.4", "h28.8" ] ],
    [ "sevseg1:COM.1", "uno:5V", "red", [ "h-163.2", "v297.6", "h182.4" ] ]
  ],
  "dependencies": {}
}