{
  "version": 1,
  "author": "Anonymous maker",
  "editor": "wokwi",
  "parts": [
    { "type": "wokwi-arduino-uno", "id": "uno", "top": 77.4, "left": 9, "attrs": {} },
    { "type": "wokwi-led", "id": "led1", "top": -90, "left": 215, "attrs": { "color": "red" } },
    { "type": "wokwi-led", "id": "led2", "top": -90, "left": 157.4, "attrs": { "color": "blue" } },
    { "type": "wokwi-led", "id": "led3", "top": -90, "left": 99.8, "attrs": { "color": "green" } },
    {
      "type": "wokwi-pushbutton",
      "id": "btn1",
      "top": 134.3,
      "left": -92.5,
      "rotate": 90,
      "attrs": { "color": "green" }
    },
    {
      "type": "wokwi-resistor",
      "id": "r1",
      "top": 244.8,
      "left": -96.55,
      "rotate": 90,
      "attrs": { "value": "200" }
    },
    {
      "type": "wokwi-resistor",
      "id": "r2",
      "top": -14.4,
      "left": 220.25,
      "rotate": 90,
      "attrs": { "value": "200" }
    },
    {
      "type": "wokwi-resistor",
      "id": "r3",
      "top": -14.4,
      "left": 162.65,
      "rotate": 90,
      "attrs": { "value": "200" }
    },
    {
      "type": "wokwi-resistor",
      "id": "r4",
      "top": -14.4,
      "left": 105.05,
      "rotate": 90,
      "attrs": { "value": "200" }
    }
  ],
  "connections": [
    [ "btn1:2.r", "r1:1", "green", [ "v0" ] ],
    [ "r1:2", "uno:GND.3", "green", [ "h0", "v8.4", "h259.2" ] ],
    [ "btn1:1.l", "uno:5V", "green", [ "v0", "h192" ] ],
    [ "btn1:2.l", "uno:2", "green", [ "v-9.6", "h19" ] ],
    [ "r4:2", "uno:8", "green", [ "h0", "v46.8", "h48" ] ],
    [ "r3:2", "uno:9", "green", [ "h0" ] ],
    [ "r2:2", "uno:10", "green", [ "h0", "v27.6", "h-86.4" ] ],
    [ "led1:A", "r2:1", "green", [ "v0" ] ],
    [ "led2:A", "r3:1", "green", [ "v0" ] ],
    [ "r4:1", "led3:A", "green", [ "h-9.6", "v-9.6" ] ],
    [ "led1:C", "led2:C", "green", [ "v-57.6", "h-66.8", "v57.6" ] ],
    [ "led2:C", "led3:C", "green", [ "v0", "h-28.4", "v-57.6", "h-48", "v57.6" ] ],
    [ "led3:C", "uno:GND.1", "green", [ "v105.6", "h10" ] ]
  ],
  "dependencies": {}
}